{
    "logistic_regression": {
        "0": {
            "precision": 0.7725714285714286,
            "recall": 0.8504333240145373,
            "f1-score": 0.8096347062346131,
            "support": 7154.0
        },
        "1": {
            "precision": 0.8497119916215744,
            "recall": 0.9439596664727555,
            "f1-score": 0.8943597280911262,
            "support": 5157.0
        },
        "2": {
            "precision": 0.7805187738073645,
            "recall": 0.9081891093288307,
            "f1-score": 0.8395278509413716,
            "support": 4738.0
        },
        "3": {
            "precision": 0.6190294715447154,
            "recall": 0.8067880794701987,
            "f1-score": 0.7005462909718229,
            "support": 6040.0
        },
        "4": {
            "precision": 0.6158269441401971,
            "recall": 0.769414984604858,
            "f1-score": 0.684106463878327,
            "support": 5846.0
        },
        "5": {
            "precision": 0.8496496875591744,
            "recall": 0.9452285654097324,
            "f1-score": 0.8948942959712805,
            "support": 4747.0
        },
        "6": {
            "precision": 0.7571480938416423,
            "recall": 0.9390770629688565,
            "f1-score": 0.8383561643835616,
            "support": 4399.0
        },
        "7": {
            "precision": 0.6942363552973552,
            "recall": 0.8406145871899297,
            "f1-score": 0.7604454492171147,
            "support": 5402.0
        },
        "8": {
            "precision": 0.9233861961134688,
            "recall": 0.9954249939802552,
            "f1-score": 0.958053302433372,
            "support": 4153.0
        },
        "9": {
            "precision": 0.7624398073836276,
            "recall": 0.9132859065564315,
            "f1-score": 0.8310733969031581,
            "support": 5201.0
        },
        "10": {
            "precision": 0.6477564102564103,
            "recall": 0.8335739327696432,
            "f1-score": 0.7290107313553973,
            "support": 4849.0
        },
        "11": {
            "precision": 0.8750524109014675,
            "recall": 0.9756895745675549,
            "f1-score": 0.9226348364279399,
            "support": 4278.0
        },
        "12": {
            "precision": 0.9565432098765432,
            "recall": 0.9974253347064882,
            "f1-score": 0.976556591883035,
            "support": 3884.0
        },
        "13": {
            "precision": 0.8200392927308447,
            "recall": 0.9411499436302142,
            "f1-score": 0.8764304461942257,
            "support": 4435.0
        },
        "14": {
            "precision": 0.9428571428571428,
            "recall": 0.9931212381771282,
            "f1-score": 0.9673366834170855,
            "support": 4652.0
        },
        "15": {
            "precision": 0.9391444424557007,
            "recall": 0.9583561643835616,
            "f1-score": 0.948653046465377,
            "support": 5475.0
        },
        "16": {
            "precision": 0.993172268907563,
            "recall": 1.0,
            "f1-score": 0.9965744400527009,
            "support": 3782.0
        },
        "17": {
            "precision": 0.7936098111989672,
            "recall": 0.9360487247811191,
            "f1-score": 0.8589642825954065,
            "support": 5254.0
        },
        "18": {
            "precision": 0.8510245523352409,
            "recall": 0.9736008447729673,
            "f1-score": 0.9081954294720253,
            "support": 4735.0
        },
        "19": {
            "precision": 0.9856328957146396,
            "recall": 1.0,
            "f1-score": 0.9927644710578842,
            "support": 3979.0
        },
        "20": {
            "precision": 0.48687552921253174,
            "recall": 0.5649915777653004,
            "f1-score": 0.5230329413293483,
            "support": 7124.0
        },
        "21": {
            "precision": 0.8389495333016928,
            "recall": 0.9251570132588974,
            "f1-score": 0.8799469011864266,
            "support": 5732.0
        },
        "22": {
            "precision": 0.9906492118621427,
            "recall": 1.0,
            "f1-score": 0.9953026439404107,
            "support": 3708.0
        },
        "23": {
            "precision": 0.7830717488789237,
            "recall": 0.9140676117775355,
            "f1-score": 0.8435141390761799,
            "support": 4585.0
        },
        "24": {
            "precision": 0.9648176682074987,
            "recall": 1.0,
            "f1-score": 0.9820938439419684,
            "support": 3757.0
        },
        "25": {
            "precision": 0.9218035286429972,
            "recall": 0.995764705882353,
            "f1-score": 0.957357764958715,
            "support": 4250.0
        },
        "26": {
            "precision": 0.8432867429055485,
            "recall": 0.944049312470365,
            "f1-score": 0.8908277404921701,
            "support": 6327.0
        },
        "27": {
            "precision": 0.8353365384615384,
            "recall": 0.9650543855588984,
            "f1-score": 0.8955223880597015,
            "support": 4321.0
        },
        "micro avg": {
            "precision": 0.8009858444485592,
            "recall": 0.9092806819170218,
            "f1-score": 0.8517046245345083,
            "support": 137964.0
        },
        "macro avg": {
            "precision": 0.8247907745924266,
            "recall": 0.9225166658749433,
            "f1-score": 0.8698470346761338,
            "support": 137964.0
        },
        "weighted avg": {
            "precision": 0.8084058064113955,
            "recall": 0.9092806819170218,
            "f1-score": 0.8548497569503347,
            "support": 137964.0
        },
        "samples avg": {
            "precision": 0.8041993634792826,
            "recall": 0.892363458793479,
            "f1-score": 0.8300576598920075,
            "support": 137964.0
        }
    },
    "linear_svc": {
        "0": {
            "precision": 0.8434330299089727,
            "recall": 0.9066256639642158,
            "f1-score": 0.8738884397736459,
            "support": 7154.0
        },
        "1": {
            "precision": 0.9397296282388284,
            "recall": 0.9705254993213108,
            "f1-score": 0.9548793284365162,
            "support": 5157.0
        },
        "2": {
            "precision": 0.9090909090909091,
            "recall": 0.9582102152807092,
            "f1-score": 0.9330045211672832,
            "support": 4738.0
        },
        "3": {
            "precision": 0.7445719817452634,
            "recall": 0.8913907284768212,
            "f1-score": 0.8113932635068948,
            "support": 6040.0
        },
        "4": {
            "precision": 0.7035812672176308,
            "recall": 0.8737598357851523,
            "f1-score": 0.7794903097817794,
            "support": 5846.0
        },
        "5": {
            "precision": 0.9684340829378998,
            "recall": 0.9888350537181377,
            "f1-score": 0.9785282468209298,
            "support": 4747.0
        },
        "6": {
            "precision": 0.9318034206538212,
            "recall": 0.9784041827688111,
            "f1-score": 0.9545353736970503,
            "support": 4399.0
        },
        "7": {
            "precision": 0.8455083909180652,
            "recall": 0.9513143280266568,
            "f1-score": 0.8952961672473868,
            "support": 5402.0
        },
        "8": {
            "precision": 0.9971188475390156,
            "recall": 1.0,
            "f1-score": 0.9985573455157489,
            "support": 4153.0
        },