{
    "logistic_regression": [
        0.7475778219719804,
        0.762688585406304,
        0.7847470723032477,
        0.7432314636841888,
        0.7439981520048504,
        0.8253824914779136,
        0.7864670360577939,
        0.7793533465650194,
        0.8438577652892992,
        0.7603372068684564,
        0.7862999992006686,
        0.8006444937288777,
        0.897510838646662,
        0.8402210423060218,
        0.8180565194741667,
        0.7540324595115777,
        0.9800375436297991,
        0.7649230924850962,
        0.7684068949301133,
        0.9481173781030724,
        0.7605064755025228,
        0.7678897818154258,
        0.9751385935314877,
        0.8034230650852091,
        0.9404203936164742,
        0.8994291953610194,
        0.7494483525320903,
        0.7997808416585381
    ],
    "linear_svc": [
        0.48900961364364925,
        0.6141564155451145,
        0.6993304169244023,
        0.5394806031223156,
        0.5084218653980379,
        0.777710593091939,
        0.724626815440734,
        0.5354562430415986,
        0.8845279564574198,
        0.6373107200238612,
        0.5787783352150728,
        0.728788766363011,
        0.8987503982830309,
        0.7670372384222881,
        0.7699353210738686,
        0.5796177554611375,
        0.9899554166694238,
        0.662747242892469,
        0.663829097577114,
        0.9767982019071282,
        0.5389956204364674,
        0.6448947449986551,
        0.9885216462386712,
        0.6984120238912355,
        0.9820176073324718,
        0.7700739551271787,
        0.5992063203020295,
        0.7335182554685972
    ]
}